objectid,parentid,filename,title,creator,description,date,subject,location,latitude,longitude,format,type,image_thumb,image_small,object_location,source,identifier,language,rights,rightsstatement,collection
sns_1938_strings_pr,,sns_1938_strings_pr.pdf,"Program for No Strings, 1938",Scotch'n'Soda Theatre,,1938,Program,,,,application/pdf,Text,objects/thumbs/sns_1938_strings_pr_th.jpg,objects/small/sns_1938_strings_pr_sm.jpg,/objects/sns_1938_strings_pr.pdf,Carnegie Mellon University Archives,,,Copyright Undetermined,http://rightsstatements.org/vocab/UND/1.0/,Scotch'n'Soda Records
sns_1939_take_pr,,sns_1939_take_pr.pdf,"Program for Take It Straight, 1939",Scotch'n'Soda Theatre,,1939,Program,,,,application/pdf,Text,objects/thumbs/sns_1939_take_pr_th.jpg,objects/small/sns_1939_take_pr_sm.jpg,/objects/sns_1939_take_pr.pdf,Carnegie Mellon University Archives,,,Copyright Undetermined,http://rightsstatements.org/vocab/UND/1.0/,Scotch'n'Soda Records
sns_1940_one_pr,,sns_1940_one_pr.pdf,"Program for One on the House, 1940",Scotch'n'Soda Theatre,,1940,Program,,,,application/pdf,Text,objects/thumbs/sns_1940_one_pr_th.jpg,objects/small/sns_1940_one_pr_sm.jpg,/objects/sns_1940_one_pr.pdf,Carnegie Mellon University Archives,,,Copyright Undetermined,http://rightsstatements.org/vocab/UND/1.0/,Scotch'n'Soda Records
sns_1941_heres_pr,,sns_1941_heres_pr.pdf,"Program for Here's To You, 1941",Scotch'n'Soda Theatre,,1941,Program,,,,application/pdf,Text,objects/thumbs/sns_1941_heres_pr_th.jpg,objects/small/sns_1941_heres_pr_sm.jpg,/objects/sns_1941_heres_pr.pdf,Carnegie Mellon University Archives,,,Copyright Undetermined,http://rightsstatements.org/vocab/UND/1.0/,Scotch'n'Soda Records
sns_1942_keep_pr,,sns_1942_keep_pr.pdf,"Program for Keep 'Em Laffin, 1942",Scotch'n'Soda Theatre,,1942,Program,,,,application/pdf,Text,objects/thumbs/sns_1942_keep_pr_th.jpg,objects/small/sns_1942_keep_pr_sm.jpg,/objects/sns_1942_keep_pr.pdf,Carnegie Mellon University Archives,,,Copyright Undetermined,http://rightsstatements.org/vocab/UND/1.0/,Scotch'n'Soda Records
sns_1947_rock_pr,,sns_1947_rock_pr.pdf,"Program for Rock'n'Riot, 1947",Scotch'n'Soda Theatre,,1947,Program,,,,application/pdf,Text,objects/thumbs/sns_1947_rock_pr_th.jpg,objects/small/sns_1947_rock_pr_sm.jpg,/objects/sns_1947_rock_pr.pdf,Carnegie Mellon University Archives,,,Copyright Undetermined,http://rightsstatements.org/vocab/UND/1.0/,Scotch'n'Soda Records
sns_1948_ladys_pr,,sns_1948_ladys_pr.pdf,"Program for The Lady's At Work, 1948",Scotch'n'Soda Theatre,,1948,Program,,,,application/pdf,Text,objects/thumbs/sns_1948_ladys_pr_th.jpg,objects/small/sns_1948_ladys_pr_sm.jpg,/objects/sns_1948_ladys_pr.pdf,Carnegie Mellon University Archives,,,Copyright Undetermined,http://rightsstatements.org/vocab/UND/1.0/,Scotch'n'Soda Records
sns_1948_ladys_hb,,sns_1948_ladys_hb.pdf,"Handbill for The Lady's At Work, 1948",Scotch'n'Soda Theatre,,1948,Handbill,,,,application/pdf,Text,objects/thumbs/sns_1948_ladys_hb_th.jpg,objects/small/sns_1948_ladys_hb_sm.jpg,/objects/sns_1948_ladys_hb.pdf,Carnegie Mellon University Archives,,,Copyright Undetermined,http://rightsstatements.org/vocab/UND/1.0/,Scotch'n'Soda Records
sns_1949_molecule_mb,,sns_1949_molecule_mb.pdf,"Matchbook for Molecule Man, 1949",Scotch'n'Soda Theatre,,1949,Matchbook,,,,application/pdf,Text,objects/thumbs/sns_1949_molecule_mb_th.jpg,objects/small/sns_1949_molecule_mb_sm.jpg,/objects/sns_1949_molecule_mb.pdf,Carnegie Mellon University Archives,,,Copyright Undetermined,http://rightsstatements.org/vocab/UND/1.0/,Scotch'n'Soda Records
sns_1949_molecule_pr,,sns_1949_molecule_pr.pdf,"Program for Molecule Man, 1949",Scotch'n'Soda Theatre,,1949,Program,,,,application/pdf,Text,objects/thumbs/sns_1949_molecule_pr_th.jpg,objects/small/sns_1949_molecule_pr_sm.jpg,/objects/sns_1949_molecule_pr.pdf,Carnegie Mellon University Archives,,,Copyright Undetermined,http://rightsstatements.org/vocab/UND/1.0/,Scotch'n'Soda Records
sns_1949_molecule_hb,,sns_1949_molecule_hb.pdf,"Handbill for Molecule Man, 1949",Scotch'n'Soda Theatre,,1949,Handbill,,,,application/pdf,Text,objects/thumbs/sns_1949_molecule_hb_th.jpg,objects/small/sns_1949_molecule_hb_sm.jpg,/objects/sns_1949_molecule_hb.pdf,Carnegie Mellon University Archives,,,Copyright Undetermined,http://rightsstatements.org/vocab/UND/1.0/,Scotch'n'Soda Records
sns_1950_too_pr,,sns_1950_too_pr.pdf,"Program for Too Much, 1950",Scotch'n'Soda Theatre,,1950,Program,,,,application/pdf,Text,objects/thumbs/sns_1950_too_pr_th.jpg,objects/small/sns_1950_too_pr_sm.jpg,/objects/sns_1950_too_pr.pdf,Carnegie Mellon University Archives,,,Copyright Undetermined,http://rightsstatements.org/vocab/UND/1.0/,Scotch'n'Soda Records
sns_1951_merry_pr,,sns_1951_merry_pr.pdf,"Program for A Merry Chase, 1951",Scotch'n'Soda Theatre,,1951,Program,,,,application/pdf,Text,objects/thumbs/sns_1951_merry_pr_th.jpg,objects/small/sns_1951_merry_pr_sm.jpg,/objects/sns_1951_merry_pr.pdf,Carnegie Mellon University Archives,,,Copyright Undetermined,http://rightsstatements.org/vocab/UND/1.0/,Scotch'n'Soda Records
sns_1952_good_pr,,sns_1952_good_pr.pdf,"Program for Good Heavens!, 1952",Scotch'n'Soda Theatre,,1952,Program,,,,application/pdf,Text,objects/thumbs/sns_1952_good_pr_th.jpg,objects/small/sns_1952_good_pr_sm.jpg,/objects/sns_1952_good_pr.pdf,Carnegie Mellon University Archives,,,Copyright Undetermined,http://rightsstatements.org/vocab/UND/1.0/,Scotch'n'Soda Records
sns_1953_shoot_pr,,sns_1953_shoot_pr.pdf,"Program for Shoot the Works!, 1953",Scotch'n'Soda Theatre,,1953,Program,,,,application/pdf,Text,objects/thumbs/sns_1953_shoot_pr_th.jpg,objects/small/sns_1953_shoot_pr_sm.jpg,/objects/sns_1953_shoot_pr.pdf,Carnegie Mellon University Archives,,,Copyright Undetermined,http://rightsstatements.org/vocab/UND/1.0/,Scotch'n'Soda Records
sns_1954_one_pr,,sns_1954_one_pr.pdf,"Program for One in a Million, 1954",Scotch'n'Soda Theatre,,1954,Program,,,,application/pdf,Text,objects/thumbs/sns_1954_one_pr_th.jpg,objects/small/sns_1954_one_pr_sm.jpg,/objects/sns_1954_one_pr.pdf,Carnegie Mellon University Archives,,,Copyright Undetermined,http://rightsstatements.org/vocab/UND/1.0/,Scotch'n'Soda Records
sns_1955_adults_pr,,sns_1955_adults_pr.pdf,"Program for Adults Only, 1955",Scotch'n'Soda Theatre,,1955,Program,,,,application/pdf,Text,objects/thumbs/sns_1955_adults_pr_th.jpg,objects/small/sns_1955_adults_pr_sm.jpg,/objects/sns_1955_adults_pr.pdf,Carnegie Mellon University Archives,,,Copyright Undetermined,http://rightsstatements.org/vocab/UND/1.0/,Scotch'n'Soda Records
sns_1956_head_pr,,sns_1956_head_pr.pdf,"Program for Head Over Heels, 1956",Scotch'n'Soda Theatre,,1956,Program,,,,application/pdf,Text,objects/thumbs/sns_1956_head_pr_th.jpg,objects/small/sns_1956_head_pr_sm.jpg,/objects/sns_1956_head_pr.pdf,Carnegie Mellon University Archives,,,Copyright Undetermined,http://rightsstatements.org/vocab/UND/1.0/,Scotch'n'Soda Records
sns_1957_where_pr,,sns_1957_where_pr.pdf,"Program for Where Do We Go From Here?, 1957",Scotch'n'Soda Theatre,,1957,Program,,,,application/pdf,Text,objects/thumbs/sns_1957_where_pr_th.jpg,objects/small/sns_1957_where_pr_sm.jpg,/objects/sns_1957_where_pr.pdf,Carnegie Mellon University Archives,,,Copyright Undetermined,http://rightsstatements.org/vocab/UND/1.0/,Scotch'n'Soda Records
sns_1958_harmony_pr,,sns_1958_harmony_pr.pdf,"Program for Harmony, 1958",Scotch'n'Soda Theatre,,1958,Program,,,,application/pdf,Text,objects/thumbs/sns_1958_harmony_pr_th.jpg,objects/small/sns_1958_harmony_pr_sm.jpg,/objects/sns_1958_harmony_pr.pdf,Carnegie Mellon University Archives,,,Copyright Undetermined,http://rightsstatements.org/vocab/UND/1.0/,Scotch'n'Soda Records
sns_1958_harmony_nc,,sns_1958_harmony_nc.pdf,"Newsclipping for Harmony, 1958",Scotch'n'Soda Theatre,,1958,Newsclipping,,,,application/pdf,Text,objects/thumbs/sns_1958_harmony_nc_th.jpg,objects/small/sns_1958_harmony_nc_sm.jpg,/objects/sns_1958_harmony_nc.pdf,Carnegie Mellon University Archives,,,Copyright Undetermined,http://rightsstatements.org/vocab/UND/1.0/,Scotch'n'Soda Records
sns_1959_set_pr,,sns_1959_set_pr.pdf,"Program for Set 'Em Up Again!, 1959",Scotch'n'Soda Theatre,,1959,Program,,,,application/pdf,Text,objects/thumbs/sns_1959_set_pr_th.jpg,objects/small/sns_1959_set_pr_sm.jpg,/objects/sns_1959_set_pr.pdf,Carnegie Mellon University Archives,,,Copyright Undetermined,http://rightsstatements.org/vocab/UND/1.0/,Scotch'n'Soda Records
sns_1959_set_tx,,sns_1959_set_tx.pdf,"Ticket for Set 'Em Up Again!, 1959",Scotch'n'Soda Theatre,,1959,Ticket,,,,application/pdf,Text,objects/thumbs/sns_1959_set_tx_th.jpg,objects/small/sns_1959_set_tx_sm.jpg,/objects/sns_1959_set_tx.pdf,Carnegie Mellon University Archives,,,Copyright Undetermined,http://rightsstatements.org/vocab/UND/1.0/,Scotch'n'Soda Records
sns_1960_rocks_hb,,sns_1960_rocks_hb.pdf,"Handbill for On the Rocks, 1960",Scotch'n'Soda Theatre,,1960,Handbill,,,,application/pdf,Text,objects/thumbs/sns_1960_rocks_hb_th.jpg,objects/small/sns_1960_rocks_hb_sm.jpg,/objects/sns_1960_rocks_hb.pdf,Carnegie Mellon University Archives,,,Copyright Undetermined,http://rightsstatements.org/vocab/UND/1.0/,Scotch'n'Soda Records
sns_1960_rocks_pr,,sns_1960_rocks_pr.pdf,"Program for On the Rocks, 1960",Scotch'n'Soda Theatre,,1960,Program,,,,application/pdf,Text,objects/thumbs/sns_1960_rocks_pr_th.jpg,objects/small/sns_1960_rocks_pr_sm.jpg,/objects/sns_1960_rocks_pr.pdf,Carnegie Mellon University Archives,,,Copyright Undetermined,http://rightsstatements.org/vocab/UND/1.0/,Scotch'n'Soda Records
sns_1961_animation_pr,,sns_1961_animation_pr.pdf,"Program for Animation, 1961",Scotch'n'Soda Theatre,,1961,Program,,,,application/pdf,Text,objects/thumbs/sns_1961_animation_pr_th.jpg,objects/small/sns_1961_animation_pr_sm.jpg,/objects/sns_1961_animation_pr.pdf,Carnegie Mellon University Archives,,,Copyright Undetermined,http://rightsstatements.org/vocab/UND/1.0/,Scotch'n'Soda Records
sns_1962_viv_pr,,sns_1962_viv_pr.pdf,"Program for Viv, 1962",Scotch'n'Soda Theatre,,1962,Program,,,,application/pdf,Text,objects/thumbs/sns_1962_viv_pr_th.jpg,objects/small/sns_1962_viv_pr_sm.jpg,/objects/sns_1962_viv_pr.pdf,Carnegie Mellon University Archives,,,Copyright Undetermined,http://rightsstatements.org/vocab/UND/1.0/,Scotch'n'Soda Records
sns_1963_miss_pr,,sns_1963_miss_pr.pdf,"Program for Miss Stars & Stripes, 1963",Scotch'n'Soda Theatre,,1963,Program,,,,application/pdf,Text,objects/thumbs/sns_1963_miss_pr_th.jpg,objects/small/sns_1963_miss_pr_sm.jpg,/objects/sns_1963_miss_pr.pdf,Carnegie Mellon University Archives,,,Copyright Undetermined,http://rightsstatements.org/vocab/UND/1.0/,Scotch'n'Soda Records
sns_1964_evnod_pr,,sns_1964_evnod_pr.pdf,"Program for Evnod, 1964",Scotch'n'Soda Theatre,,1964,Program,,,,application/pdf,Text,objects/thumbs/sns_1964_evnod_pr_th.jpg,objects/small/sns_1964_evnod_pr_sm.jpg,/objects/sns_1964_evnod_pr.pdf,Carnegie Mellon University Archives,,,Copyright Undetermined,http://rightsstatements.org/vocab/UND/1.0/,Scotch'n'Soda Records
sns_1965_whatserface_pr,,sns_1965_whatserface_pr.pdf,"Program for Whatserface, 1965",Scotch'n'Soda Theatre,,1965,Program,,,,application/pdf,Image,objects/thumbs/sns_1965_whatserface_pr_th.jpg,objects/small/sns_1965_whatserface_pr_sm.jpg,/objects/sns_1965_whatserface_pr.pdf,Carnegie Mellon University Archives,,,Copyright Undetermined,http://rightsstatements.org/vocab/UND/1.0/,Scotch'n'Soda Records
sns_1965_whatserface_rl,,sns_1965_whatserface_rl.pdf,"Record Lining for Whatserface, 1965",Scotch'n'Soda Theatre,,1965,Record Lining,,,,application/pdf,Image,objects/thumbs/sns_1965_whatserface_rl_th.jpg,objects/small/sns_1965_whatserface_rl_sm.jpg,/objects/sns_1965_whatserface_rl.pdf,Carnegie Mellon University Archives,,,Copyright Undetermined,http://rightsstatements.org/vocab/UND/1.0/,Scotch'n'Soda Records
sns_1965_whatserface_lp,,sns_1965_whatserface_lp.pdf,"Lighting Plot for Whatserface, 1965",Scotch'n'Soda Theatre,,1965,Lighting Plot,,,,application/pdf,Image,objects/thumbs/sns_1965_whatserface_lp_th.jpg,objects/small/sns_1965_whatserface_lp_sm.jpg,/objects/sns_1965_whatserface_lp.pdf,Carnegie Mellon University Archives,,,Copyright Undetermined,http://rightsstatements.org/vocab/UND/1.0/,Scotch'n'Soda Records
sns_1965_whatserface_po_0001,,sns_1965_whatserface_po_0001.pdf,"Poster for Whatserface, 1965",Scotch'n'Soda Theatre,,1965,Poster,,,,application/pdf,Image,objects/thumbs/sns_1965_whatserface_po_0001_th.jpg,objects/small/sns_1965_whatserface_po_0001_sm.jpg,/objects/sns_1965_whatserface_po_0001.pdf,Carnegie Mellon University Archives,,,Copyright Undetermined,http://rightsstatements.org/vocab/UND/1.0/,Scotch'n'Soda Records
sns_1965_whatserface_po_0002,,sns_1965_whatserface_po_0002.pdf,"Poster for Whatserface, 1965",Scotch'n'Soda Theatre,,1965,Poster,,,,application/pdf,Image,objects/thumbs/sns_1965_whatserface_po_0002_th.jpg,objects/small/sns_1965_whatserface_po_0002_sm.jpg,/objects/sns_1965_whatserface_po_0002.pdf,Carnegie Mellon University Archives,,,Copyright Undetermined,http://rightsstatements.org/vocab/UND/1.0/,Scotch'n'Soda Records
sns_1965_whatserface_po_0003,,sns_1965_whatserface_po_0003.pdf,"Poster for Whatserface, 1965",Scotch'n'Soda Theatre,,1965,Poster,,,,application/pdf,Image,objects/thumbs/sns_1965_whatserface_po_0003_th.jpg,objects/small/sns_1965_whatserface_po_0003_sm.jpg,/objects/sns_1965_whatserface_po_0003.pdf,Carnegie Mellon University Archives,,,Copyright Undetermined,http://rightsstatements.org/vocab/UND/1.0/,Scotch'n'Soda Records
sns_1965_whatserface_po_0004,,sns_1965_whatserface_po_0004.pdf,"Poster for Whatserface, 1965",Scotch'n'Soda Theatre,,1965,Poster,,,,application/pdf,Image,objects/thumbs/sns_1965_whatserface_po_0004_th.jpg,objects/small/sns_1965_whatserface_po_0004_sm.jpg,/objects/sns_1965_whatserface_po_0004.pdf,Carnegie Mellon University Archives,,,Copyright Undetermined,http://rightsstatements.org/vocab/UND/1.0/,Scotch'n'Soda Records
sns_1965_whatserface_po_0005,,sns_1965_whatserface_po_0005.pdf,"Poster for Whatserface, 1965",Scotch'n'Soda Theatre,,1965,Poster,,,,application/pdf,Text,objects/thumbs/sns_1965_whatserface_po_0005_th.jpg,objects/small/sns_1965_whatserface_po_0005_sm.jpg,/objects/sns_1965_whatserface_po_0005.pdf,Carnegie Mellon University Archives,,,Copyright Undetermined,http://rightsstatements.org/vocab/UND/1.0/,Scotch'n'Soda Records
sns_1965_whatserface_po_0006,,sns_1965_whatserface_po_0006.pdf,"Poster for Whatserface, 1965",Scotch'n'Soda Theatre,,1965,Poster,,,,application/pdf,Text,objects/thumbs/sns_1965_whatserface_po_0006_th.jpg,objects/small/sns_1965_whatserface_po_0006_sm.jpg,/objects/sns_1965_whatserface_po_0006.pdf,Carnegie Mellon University Archives,,,Copyright Undetermined,http://rightsstatements.org/vocab/UND/1.0/,Scotch'n'Soda Records
sns_1966_nouveau_pr,,sns_1966_nouveau_pr.pdf,"Program for Nouveau, 1966",Scotch'n'Soda Theatre,,1966,Program,,,,application/pdf,Text,objects/thumbs/sns_1966_nouveau_pr_th.jpg,objects/small/sns_1966_nouveau_pr_sm.jpg,/objects/sns_1966_nouveau_pr.pdf,Carnegie Mellon University Archives,,,Copyright Undetermined,http://rightsstatements.org/vocab/UND/1.0/,Scotch'n'Soda Records
sns_1967_pippin_pr,,sns_1967_pippin_pr.pdf,"Program for Pippin, Pippin, 1967",Scotch'n'Soda Theatre,,1967,Program,,,,application/pdf,Text,objects/thumbs/sns_1967_pippin_pr_th.jpg,objects/small/sns_1967_pippin_pr_sm.jpg,/objects/sns_1967_pippin_pr.pdf,Carnegie Mellon University Archives,,,Copyright Undetermined,http://rightsstatements.org/vocab/UND/1.0/,Scotch'n'Soda Records
sns_1968_twice_pr,,sns_1968_twice_pr.pdf,"Program for Twice Upon a Time, 1968",Scotch'n'Soda Theatre,,1968,Program,,,,application/pdf,Image,objects/thumbs/sns_1968_twice_pr_th.jpg,objects/small/sns_1968_twice_pr_sm.jpg,/objects/sns_1968_twice_pr.pdf,Carnegie Mellon University Archives,,,Copyright Undetermined,http://rightsstatements.org/vocab/UND/1.0/,Scotch'n'Soda Records
sns_1969_madame_pr,,sns_1969_madame_pr.pdf,"Program for Madame Madame!, 1969",Scotch'n'Soda Theatre,,1969,Program,,,,application/pdf,Text,objects/thumbs/sns_1969_madame_pr_th.jpg,objects/small/sns_1969_madame_pr_sm.jpg,/objects/sns_1969_madame_pr.pdf,Carnegie Mellon University Archives,,,Copyright Undetermined,http://rightsstatements.org/vocab/UND/1.0/,Scotch'n'Soda Records
sns_1970_something_pr,,sns_1970_something_pr.pdf,"Program for Something Personal, 1970",Scotch'n'Soda Theatre,,1970,Program,,,,application/pdf,Text,objects/thumbs/sns_1970_something_pr_th.jpg,objects/small/sns_1970_something_pr_sm.jpg,/objects/sns_1970_something_pr.pdf,Carnegie Mellon University Archives,,,Copyright Undetermined,http://rightsstatements.org/vocab/UND/1.0/,Scotch'n'Soda Records
sns_1970_something_tx,,sns_1970_something_tx.pdf,"Ticket for Something Personal, 1970",Scotch'n'Soda Theatre,,1970,Ticket,,,,application/pdf,Text,objects/thumbs/sns_1970_something_tx_th.jpg,objects/small/sns_1970_something_tx_sm.jpg,/objects/sns_1970_something_tx.pdf,Carnegie Mellon University Archives,,,Copyright Undetermined,http://rightsstatements.org/vocab/UND/1.0/,Scotch'n'Soda Records
sns_1970_something_sm,,sns_1970_something_sm.pdf,"Show Materials for Something Personal, 1970",Scotch'n'Soda Theatre,,1970,Show Materials,,,,application/pdf,Text,objects/thumbs/sns_1970_something_sm_th.jpg,objects/small/sns_1970_something_sm_sm.jpg,/objects/sns_1970_something_sm.pdf,Carnegie Mellon University Archives,,,Copyright Undetermined,http://rightsstatements.org/vocab/UND/1.0/,Scotch'n'Soda Records
sns_1971_festival_pr,,sns_1971_festival_pr.pdf,"Program for Festival, 1971",Scotch'n'Soda Theatre,,1971,Program,,,,application/pdf,Text,objects/thumbs/sns_1971_festival_pr_th.jpg,objects/small/sns_1971_festival_pr_sm.jpg,/objects/sns_1971_festival_pr.pdf,Carnegie Mellon University Archives,,,Copyright Undetermined,http://rightsstatements.org/vocab/UND/1.0/,Scotch'n'Soda Records
sns_1972_new_pr,,sns_1972_new_pr.pdf,"Program for A New Day, 1972",Scotch'n'Soda Theatre,,1972,Program,,,,application/pdf,Text,objects/thumbs/sns_1972_new_pr_th.jpg,objects/small/sns_1972_new_pr_sm.jpg,/objects/sns_1972_new_pr.pdf,Carnegie Mellon University Archives,,,Copyright Undetermined,http://rightsstatements.org/vocab/UND/1.0/,Scotch'n'Soda Records
sns_1972_lord_pr,,sns_1972_lord_pr.pdf,"Program for Lord Have Mercy, 1973",Scotch'n'Soda Theatre,,1973,Program,,,,application/pdf,Text,objects/thumbs/sns_1972_lord_pr_th.jpg,objects/small/sns_1972_lord_pr_sm.jpg,/objects/sns_1972_lord_pr.pdf,Carnegie Mellon University Archives,,,Copyright Undetermined,http://rightsstatements.org/vocab/UND/1.0/,Scotch'n'Soda Records
sns_1973_woodwind_pr,,sns_1973_woodwind_pr.pdf,"Program for Woodwind, 1973",Scotch'n'Soda Theatre,,1973,Program,,,,application/pdf,Text,objects/thumbs/sns_1973_woodwind_pr_th.jpg,objects/small/sns_1973_woodwind_pr_sm.jpg,/objects/sns_1973_woodwind_pr.pdf,Carnegie Mellon University Archives,,,Copyright Undetermined,http://rightsstatements.org/vocab/UND/1.0/,Scotch'n'Soda Records
sns_1974_valley_pr,,sns_1974_valley_pr.pdf,"Program for Of the Valley, 1974",Scotch'n'Soda Theatre,,1974,Program,,,,application/pdf,Text,objects/thumbs/sns_1974_valley_pr_th.jpg,objects/small/sns_1974_valley_pr_sm.jpg,/objects/sns_1974_valley_pr.pdf,Carnegie Mellon University Archives,,,Copyright Undetermined,http://rightsstatements.org/vocab/UND/1.0/,Scotch'n'Soda Records
sns_1975_amphitryon_pr,,sns_1975_amphitryon_pr.pdf,"Program for Amphitryon, 1975",Scotch'n'Soda Theatre,,1975,Program,,,,application/pdf,Text,objects/thumbs/sns_1975_amphitryon_pr_th.jpg,objects/small/sns_1975_amphitryon_pr_sm.jpg,/objects/sns_1975_amphitryon_pr.pdf,Carnegie Mellon University Archives,,,Copyright Undetermined,http://rightsstatements.org/vocab/UND/1.0/,Scotch'n'Soda Records
sns_1976_glitz_pr,,sns_1976_glitz_pr.pdf,"Program for Glitz, 1976",Scotch'n'Soda Theatre,,1976,Program,,,,application/pdf,Text,objects/thumbs/sns_1976_glitz_pr_th.jpg,objects/small/sns_1976_glitz_pr_sm.jpg,/objects/sns_1976_glitz_pr.pdf,Carnegie Mellon University Archives,,,Copyright Undetermined,http://rightsstatements.org/vocab/UND/1.0/,Scotch'n'Soda Records
sns_1976_glitz_po,,sns_1976_glitz_po.pdf,"Poster for Glitz, 1976",Scotch'n'Soda Theatre,,1976,Poster,,,,application/pdf,Image,objects/thumbs/sns_1976_glitz_po_th.jpg,objects/small/sns_1976_glitz_po_sm.jpg,/objects/sns_1976_glitz_po.pdf,Carnegie Mellon University Archives,,,Copyright Undetermined,http://rightsstatements.org/vocab/UND/1.0/,Scotch'n'Soda Records
sns_1977_something_pr,,sns_1977_something_pr.pdf,"Program for Something Feudal, 1977",Scotch'n'Soda Theatre,,1977,Program,,,,application/pdf,Text,objects/thumbs/sns_1977_something_pr_th.jpg,objects/small/sns_1977_something_pr_sm.jpg,/objects/sns_1977_something_pr.pdf,Carnegie Mellon University Archives,,,Copyright Undetermined,http://rightsstatements.org/vocab/UND/1.0/,Scotch'n'Soda Records
sns_1979_watercolors_hb,,sns_1979_watercolors_hb.pdf,"Handbill for Watercolors, 1979",Scotch'n'Soda Theatre,,1979,Handbill,,,,application/pdf,Text,objects/thumbs/sns_1979_watercolors_hb_th.jpg,objects/small/sns_1979_watercolors_hb_sm.jpg,/objects/sns_1979_watercolors_hb.pdf,Carnegie Mellon University Archives,,,Copyright Undetermined,http://rightsstatements.org/vocab/UND/1.0/,Scotch'n'Soda Records
sns_1979_watercolors_pr,,sns_1979_watercolors_pr.pdf,"Program for Watercolors, 1979",Scotch'n'Soda Theatre,,1979,Program,,,,application/pdf,Image,objects/thumbs/sns_1979_watercolors_pr_th.jpg,objects/small/sns_1979_watercolors_pr_sm.jpg,/objects/sns_1979_watercolors_pr.pdf,Carnegie Mellon University Archives,,,Copyright Undetermined,http://rightsstatements.org/vocab/UND/1.0/,Scotch'n'Soda Records
sns_1980_kije_pr,,sns_1980_kije_pr.pdf,"Program for Kije!, 1980",Scotch'n'Soda Theatre,,1980,Program,,,,application/pdf,Text,objects/thumbs/sns_1980_kije_pr_th.jpg,objects/small/sns_1980_kije_pr_sm.jpg,/objects/sns_1980_kije_pr.pdf,Carnegie Mellon University Archives,,,Copyright Undetermined,http://rightsstatements.org/vocab/UND/1.0/,Scotch'n'Soda Records
sns_1980_kije_po,,sns_1980_kije_po.pdf,"Poster for Kije!, 1980",Scotch'n'Soda Theatre,,1980,Poster,,,,application/pdf,Text,objects/thumbs/sns_1980_kije_po_th.jpg,objects/small/sns_1980_kije_po_sm.jpg,/objects/sns_1980_kije_po.pdf,Carnegie Mellon University Archives,,,Copyright Undetermined,http://rightsstatements.org/vocab/UND/1.0/,Scotch'n'Soda Records
sns_1981_protege_pr,,sns_1981_protege_pr.pdf,"Program for Protege, 1981",Scotch'n'Soda Theatre,,1981,Program,,,,application/pdf,Text,objects/thumbs/sns_1981_protege_pr_th.jpg,objects/small/sns_1981_protege_pr_sm.jpg,/objects/sns_1981_protege_pr.pdf,Carnegie Mellon University Archives,,,Copyright Undetermined,http://rightsstatements.org/vocab/UND/1.0/,Scotch'n'Soda Records
sns_1981_whos_pr,,sns_1981_whos_pr.pdf,"Program for Who's Afraid of Virgina Woolf?, 1981",Scotch'n'Soda Theatre,,1981,Program,,,,application/pdf,Image,objects/thumbs/sns_1981_whos_pr_th.jpg,objects/small/sns_1981_whos_pr_sm.jpg,/objects/sns_1981_whos_pr.pdf,Carnegie Mellon University Archives,,,Copyright Undetermined,http://rightsstatements.org/vocab/UND/1.0/,Scotch'n'Soda Records
sns_1981_whos_po,,sns_1981_whos_po.pdf,"Poster for Who's Afraid of Virgina Woolf?, 1981",Scotch'n'Soda Theatre,,1981,Poster,,,,application/pdf,Text,objects/thumbs/sns_1981_whos_po_th.jpg,objects/small/sns_1981_whos_po_sm.jpg,/objects/sns_1981_whos_po.pdf,Carnegie Mellon University Archives,,,Copyright Undetermined,http://rightsstatements.org/vocab/UND/1.0/,Scotch'n'Soda Records
sns_1982_fantasticks_po,,sns_1982_fantasticks_po.pdf,"Poster for Fantasticks, 1982",Scotch'n'Soda Theatre,,1982,Poster,,,,application/pdf,Text,objects/thumbs/sns_1982_fantasticks_po_th.jpg,objects/small/sns_1982_fantasticks_po_sm.jpg,/objects/sns_1982_fantasticks_po.pdf,Carnegie Mellon University Archives,,,Copyright Undetermined,http://rightsstatements.org/vocab/UND/1.0/,Scotch'n'Soda Records
sns_1982_queen_pr_0001,,sns_1982_queen_pr_0001.pdf,"Program for Queen of the King's Krown II, 1982",Scotch'n'Soda Theatre,,1982,Program,,,,application/pdf,Text,objects/thumbs/sns_1982_queen_pr_0001_th.jpg,objects/small/sns_1982_queen_pr_0001_sm.jpg,/objects/sns_1982_queen_pr_0001.pdf,Carnegie Mellon University Archives,,,Copyright Undetermined,http://rightsstatements.org/vocab/UND/1.0/,Scotch'n'Soda Records
sns_1982_queen_pr_0002,,sns_1982_queen_pr_0002.pdf,"Program for Queen of the King's Krown II, 1982",Scotch'n'Soda Theatre,,1982,Program,,,,application/pdf,Text,objects/thumbs/sns_1982_queen_pr_0002_th.jpg,objects/small/sns_1982_queen_pr_0002_sm.jpg,/objects/sns_1982_queen_pr_0002.pdf,Carnegie Mellon University Archives,,,Copyright Undetermined,http://rightsstatements.org/vocab/UND/1.0/,Scotch'n'Soda Records
sns_1983_carried_pr,,sns_1983_carried_pr.pdf,"Program for Carried Away, 1983",Scotch'n'Soda Theatre,,1983,Program,,,,application/pdf,Text,objects/thumbs/sns_1983_carried_pr_th.jpg,objects/small/sns_1983_carried_pr_sm.jpg,/objects/sns_1983_carried_pr.pdf,Carnegie Mellon University Archives,,,Copyright Undetermined,http://rightsstatements.org/vocab/UND/1.0/,Scotch'n'Soda Records
sns_1983_carried_po,,sns_1983_carried_po.pdf,"Poster for Carried Away, 1983",Scotch'n'Soda Theatre,,1983,Poster,,,,application/pdf,Image,objects/thumbs/sns_1983_carried_po_th.jpg,objects/small/sns_1983_carried_po_sm.jpg,/objects/sns_1983_carried_po.pdf,Carnegie Mellon University Archives,,,Copyright Undetermined,http://rightsstatements.org/vocab/UND/1.0/,Scotch'n'Soda Records
sns_1983_hello_pr,,sns_1983_hello_pr.pdf,"Program for Hello Out There; This Property is Condemned; Gag, 1983",Scotch'n'Soda Theatre,,1983,Program,,,,application/pdf,Image,objects/thumbs/sns_1983_hello_pr_th.jpg,objects/small/sns_1983_hello_pr_sm.jpg,/objects/sns_1983_hello_pr.pdf,Carnegie Mellon University Archives,,,Copyright Undetermined,http://rightsstatements.org/vocab/UND/1.0/,Scotch'n'Soda Records
sns_1984_salem_pr,,sns_1984_salem_pr.pdf,"Program for Salem After Midnight, 1984",Scotch'n'Soda Theatre,,1984,Program,,,,application/pdf,Image,objects/thumbs/sns_1984_salem_pr_th.jpg,objects/small/sns_1984_salem_pr_sm.jpg,/objects/sns_1984_salem_pr.pdf,Carnegie Mellon University Archives,,,Copyright Undetermined,http://rightsstatements.org/vocab/UND/1.0/,Scotch'n'Soda Records
sns_1985_line_pr,,sns_1985_line_pr.pdf,"Program for Line, 1985",Scotch'n'Soda Theatre,,1985,Program,,,,application/pdf,Text,objects/thumbs/sns_1985_line_pr_th.jpg,objects/small/sns_1985_line_pr_sm.jpg,/objects/sns_1985_line_pr.pdf,Carnegie Mellon University Archives,,,Copyright Undetermined,http://rightsstatements.org/vocab/UND/1.0/,Scotch'n'Soda Records
sns_1985_zelda_pr,,sns_1985_zelda_pr.pdf,"Program for Zelda, 1985",Scotch'n'Soda Theatre,,1985,Program,,,,application/pdf,Text,objects/thumbs/sns_1985_zelda_pr_th.jpg,objects/small/sns_1985_zelda_pr_sm.jpg,/objects/sns_1985_zelda_pr.pdf,Carnegie Mellon University Archives,,,Copyright Undetermined,http://rightsstatements.org/vocab/UND/1.0/,Scotch'n'Soda Records
sns_1985_murder_pr,,sns_1985_murder_pr.pdf,"Program for The Murder Room, 1985",Scotch'n'Soda Theatre,,1985,Program,,,,application/pdf,Text,objects/thumbs/sns_1985_murder_pr_th.jpg,objects/small/sns_1985_murder_pr_sm.jpg,/objects/sns_1985_murder_pr.pdf,Carnegie Mellon University Archives,,,Copyright Undetermined,http://rightsstatements.org/vocab/UND/1.0/,Scotch'n'Soda Records
sns_1987_3oneact_pr,,sns_1987_3oneact_pr.pdf,"Program for 3 One Act Plays, 1987",Scotch'n'Soda Theatre,,1987,Program,,,,application/pdf,Image,objects/thumbs/sns_1987_3oneact_pr_th.jpg,objects/small/sns_1987_3oneact_pr_sm.jpg,/objects/sns_1987_3oneact_pr.pdf,Carnegie Mellon University Archives,,,Copyright Undetermined,http://rightsstatements.org/vocab/UND/1.0/,Scotch'n'Soda Records
sns_1988_misinformed_po_0001,,sns_1988_misinformed_po_0001.pdf,"Poster for Les Misinformed, 1988",Scotch'n'Soda Theatre,,1988,Poster,,,,application/pdf,Text,objects/thumbs/sns_1988_misinformed_po_0001_th.jpg,objects/small/sns_1988_misinformed_po_0001_sm.jpg,/objects/sns_1988_misinformed_po_0001.pdf,Carnegie Mellon University Archives,,,Copyright Undetermined,http://rightsstatements.org/vocab/UND/1.0/,Scotch'n'Soda Records
sns_1988_misinformed_po_0002,,sns_1988_misinformed_po_0002.pdf,"Poster for Les Misinformed, 1988",Scotch'n'Soda Theatre,,1988,Poster,,,,application/pdf,Image,objects/thumbs/sns_1988_misinformed_po_0002_th.jpg,objects/small/sns_1988_misinformed_po_0002_sm.jpg,/objects/sns_1988_misinformed_po_0002.pdf,Carnegie Mellon University Archives,,,Copyright Undetermined,http://rightsstatements.org/vocab/UND/1.0/,Scotch'n'Soda Records
sns_1988_misinformed_po_0003,,sns_1988_misinformed_po_0003.pdf,"Poster for Les Misinformed, 1988",Scotch'n'Soda Theatre,,1988,Poster,,,,application/pdf,Text,objects/thumbs/sns_1988_misinformed_po_0003_th.jpg,objects/small/sns_1988_misinformed_po_0003_sm.jpg,/objects/sns_1988_misinformed_po_0003.pdf,Carnegie Mellon University Archives,,,Copyright Undetermined,http://rightsstatements.org/vocab/UND/1.0/,Scotch'n'Soda Records
sns_1988_misinformed_pr_0001,,sns_1988_misinformed_pr_0001.pdf,"Program for Les Misinformed, 1988",Scotch'n'Soda Theatre,,1988,Program,,,,application/pdf,Text,objects/thumbs/sns_1988_misinformed_pr_0001_th.jpg,objects/small/sns_1988_misinformed_pr_0001_sm.jpg,/objects/sns_1988_misinformed_pr_0001.pdf,Carnegie Mellon University Archives,,,Copyright Undetermined,http://rightsstatements.org/vocab/UND/1.0/,Scotch'n'Soda Records
sns_1988_misinformed_pr_0002,,sns_1988_misinformed_pr_0002.pdf,"Program for Les Misinformed, 1988",Scotch'n'Soda Theatre,,1988,Program,,,,application/pdf,Text,objects/thumbs/sns_1988_misinformed_pr_0002_th.jpg,objects/small/sns_1988_misinformed_pr_0002_sm.jpg,/objects/sns_1988_misinformed_pr_0002.pdf,Carnegie Mellon University Archives,,,Copyright Undetermined,http://rightsstatements.org/vocab/UND/1.0/,Scotch'n'Soda Records
sns_1988_misinformed_pr_0003,,sns_1988_misinformed_pr_0003.pdf,"Program for Les Misinformed, 1988",Scotch'n'Soda Theatre,,1988,Program,,,,application/pdf,Text,objects/thumbs/sns_1988_misinformed_pr_0003_th.jpg,objects/small/sns_1988_misinformed_pr_0003_sm.jpg,/objects/sns_1988_misinformed_pr_0003.pdf,Carnegie Mellon University Archives,,,Copyright Undetermined,http://rightsstatements.org/vocab/UND/1.0/,Scotch'n'Soda Records
sns_1988_improv_po,,sns_1988_improv_po.pdf,"Poster for Improv 88, 1988",Scotch'n'Soda Theatre,,1988,Poster,,,,application/pdf,Image,objects/thumbs/sns_1988_improv_po_th.jpg,objects/small/sns_1988_improv_po_sm.jpg,/objects/sns_1988_improv_po.pdf,Carnegie Mellon University Archives,,,Copyright Undetermined,http://rightsstatements.org/vocab/UND/1.0/,Scotch'n'Soda Records
sns_1988_improv_tx,,sns_1988_improv_tx.pdf,"Ticket for Improv 88, 1988",Scotch'n'Soda Theatre,,1988,Ticket,,,,application/pdf,Text,objects/thumbs/sns_1988_improv_tx_th.jpg,objects/small/sns_1988_improv_tx_sm.jpg,/objects/sns_1988_improv_tx.pdf,Carnegie Mellon University Archives,,,Copyright Undetermined,http://rightsstatements.org/vocab/UND/1.0/,Scotch'n'Soda Records
sns_1989_double_po,,sns_1989_double_po.pdf,"Poster for Double Shot, 1989",Scotch'n'Soda Theatre,,1989,Poster,,,,application/pdf,Text,objects/thumbs/sns_1989_double_po_th.jpg,objects/small/sns_1989_double_po_sm.jpg,/objects/sns_1989_double_po.pdf,Carnegie Mellon University Archives,,,Copyright Undetermined,http://rightsstatements.org/vocab/UND/1.0/,Scotch'n'Soda Records
sns_1989_double_nc,,sns_1989_double_nc.pdf,"Newsclipping for Double Shot, 1989",Scotch'n'Soda Theatre,,1989,Newsclipping,,,,application/pdf,Text,objects/thumbs/sns_1989_double_nc_th.jpg,objects/small/sns_1989_double_nc_sm.jpg,/objects/sns_1989_double_nc.pdf,Carnegie Mellon University Archives,,,Copyright Undetermined,http://rightsstatements.org/vocab/UND/1.0/,Scotch'n'Soda Records
sns_1989_reality_pr,,sns_1989_reality_pr.pdf,"Program for Reality Optional, 1989",Scotch'n'Soda Theatre,,1989,Program,,,,application/pdf,Text,objects/thumbs/sns_1989_reality_pr_th.jpg,objects/small/sns_1989_reality_pr_sm.jpg,/objects/sns_1989_reality_pr.pdf,Carnegie Mellon University Archives,,,Copyright Undetermined,http://rightsstatements.org/vocab/UND/1.0/,Scotch'n'Soda Records
sns_1989_two_pr,,sns_1989_two_pr.pdf,"Program for Two Liberal Guys, 1989",Scotch'n'Soda Theatre,,1989,Program,,,,application/pdf,Image,objects/thumbs/sns_1989_two_pr_th.jpg,objects/small/sns_1989_two_pr_sm.jpg,/objects/sns_1989_two_pr.pdf,Carnegie Mellon University Archives,,,Copyright Undetermined,http://rightsstatements.org/vocab/UND/1.0/,Scotch'n'Soda Records
sns_1990_dont_pr,,sns_1990_dont_pr.pdf,"Program for Don't Let the Bedbugs Bite, 1990",Scotch'n'Soda Theatre,,1990,Program,,,,application/pdf,Image,objects/thumbs/sns_1990_dont_pr_th.jpg,objects/small/sns_1990_dont_pr_sm.jpg,/objects/sns_1990_dont_pr.pdf,Carnegie Mellon University Archives,,,Copyright Undetermined,http://rightsstatements.org/vocab/UND/1.0/,Scotch'n'Soda Records
sns_1990_dont_po,,sns_1990_dont_po.pdf,"Poster for Don't Let the Bedbugs Bite, 1990",Scotch'n'Soda Theatre,,1990,Poster,,,,application/pdf,Image,objects/thumbs/sns_1990_dont_po_th.jpg,objects/small/sns_1990_dont_po_sm.jpg,/objects/sns_1990_dont_po.pdf,Carnegie Mellon University Archives,,,Copyright Undetermined,http://rightsstatements.org/vocab/UND/1.0/,Scotch'n'Soda Records
sns_1990_getting_pr,,sns_1990_getting_pr.pdf,"Program for Getting Even, 1990",Scotch'n'Soda Theatre,,1990,Program,,,,application/pdf,Image,objects/thumbs/sns_1990_getting_pr_th.jpg,objects/small/sns_1990_getting_pr_sm.jpg,/objects/sns_1990_getting_pr.pdf,Carnegie Mellon University Archives,,,Copyright Undetermined,http://rightsstatements.org/vocab/UND/1.0/,Scotch'n'Soda Records
sns_1990_getting_po,,sns_1990_getting_po.pdf,"Poster for Getting Even, 1990",Scotch'n'Soda Theatre,,1990,Poster,,,,application/pdf,Text,objects/thumbs/sns_1990_getting_po_th.jpg,objects/small/sns_1990_getting_po_sm.jpg,/objects/sns_1990_getting_po.pdf,Carnegie Mellon University Archives,,,Copyright Undetermined,http://rightsstatements.org/vocab/UND/1.0/,Scotch'n'Soda Records
sns_1990_particle_pr,,sns_1990_particle_pr.pdf,"Program for Double Shots: Particle Flow and The Atheist, 1990",Scotch'n'Soda Theatre,,1990,Program,,,,application/pdf,Text,objects/thumbs/sns_1990_particle_pr_th.jpg,objects/small/sns_1990_particle_pr_sm.jpg,/objects/sns_1990_particle_pr.pdf,Carnegie Mellon University Archives,,,Copyright Undetermined,http://rightsstatements.org/vocab/UND/1.0/,Scotch'n'Soda Records
sns_1990_trapped_pr,,sns_1990_trapped_pr.pdf,"Program for Trapped in the Silver Screen, 1990",Scotch'n'Soda Theatre,,1990,Program,,,,application/pdf,Text,objects/thumbs/sns_1990_trapped_pr_th.jpg,objects/small/sns_1990_trapped_pr_sm.jpg,/objects/sns_1990_trapped_pr.pdf,Carnegie Mellon University Archives,,,Copyright Undetermined,http://rightsstatements.org/vocab/UND/1.0/,Scotch'n'Soda Records
sns_1990_trapped_tx_0001,,sns_1990_trapped_tx_0001,"Ticket for Trapped in the Silver Screen, 1990",Scotch'n'Soda Theatre,,1990,Ticket,,,,application/pdf,Image,objects/thumbs/sns_1990_trapped_tx_0001_th.jpg,objects/small/sns_1990_trapped_tx_0001_sm.jpg,/objects/sns_1990_trapped_tx_0001,Carnegie Mellon University Archives,,,Copyright Undetermined,http://rightsstatements.org/vocab/UND/1.0/,Scotch'n'Soda Records
sns_1990_trapped_tx_0002,,sns_1990_trapped_tx_0002,"Ticket for Trapped in the Silver Screen, 1990",Scotch'n'Soda Theatre,,1990,Ticket,,,,application/pdf,Text,objects/thumbs/sns_1990_trapped_tx_0002_th.jpg,objects/small/sns_1990_trapped_tx_0002_sm.jpg,/objects/sns_1990_trapped_tx_0002,Carnegie Mellon University Archives,,,Copyright Undetermined,http://rightsstatements.org/vocab/UND/1.0/,Scotch'n'Soda Records
sns_1990_trapped_po_0001,,sns_1990_trapped_po_0001,"Poster for Trapped in the Silver Screen, 1990",Scotch'n'Soda Theatre,,1990,Poster,,,,application/pdf,Text,objects/thumbs/sns_1990_trapped_po_0001_th.jpg,objects/small/sns_1990_trapped_po_0001_sm.jpg,/objects/sns_1990_trapped_po_0001,Carnegie Mellon University Archives,,,Copyright Undetermined,http://rightsstatements.org/vocab/UND/1.0/,Scotch'n'Soda Records
sns_1990_trapped_po_0002,,sns_1990_trapped_po_0002,"Poster for Trapped in the Silver Screen, 1990",Scotch'n'Soda Theatre,,1990,Poster,,,,application/pdf,Text,objects/thumbs/sns_1990_trapped_po_0002_th.jpg,objects/small/sns_1990_trapped_po_0002_sm.jpg,/objects/sns_1990_trapped_po_0002,Carnegie Mellon University Archives,,,Copyright Undetermined,http://rightsstatements.org/vocab/UND/1.0/,Scotch'n'Soda Records
sns_1990_trapped_po_0003,,sns_1990_trapped_po_0003,"Poster for Trapped in the Silver Screen, 1990",Scotch'n'Soda Theatre,,1990,Poster,,,,application/pdf,Text,objects/thumbs/sns_1990_trapped_po_0003_th.jpg,objects/small/sns_1990_trapped_po_0003_sm.jpg,/objects/sns_1990_trapped_po_0003,Carnegie Mellon University Archives,,,Copyright Undetermined,http://rightsstatements.org/vocab/UND/1.0/,Scotch'n'Soda Records
sns_1990_trapped_po_0004,,sns_1990_trapped_po_0004,"Poster for Trapped in the Silver Screen, 1990",Scotch'n'Soda Theatre,,1990,Poster,,,,application/pdf,Image,objects/thumbs/sns_1990_trapped_po_0004_th.jpg,objects/small/sns_1990_trapped_po_0004_sm.jpg,/objects/sns_1990_trapped_po_0004,Carnegie Mellon University Archives,,,Copyright Undetermined,http://rightsstatements.org/vocab/UND/1.0/,Scotch'n'Soda Records
sns_1991_another_pr,,sns_1991_another_pr.pdf,"Program for Another Round, 1991",Scotch'n'Soda Theatre,,1991,Program,,,,application/pdf,Text,objects/thumbs/sns_1991_another_pr_th.jpg,objects/small/sns_1991_another_pr_sm.jpg,/objects/sns_1991_another_pr.pdf,Carnegie Mellon University Archives,,,Copyright Undetermined,http://rightsstatements.org/vocab/UND/1.0/,Scotch'n'Soda Records
sns_1991_dartegan_pr,,sns_1991_dartegan_pr.pdf,"Program for d'Artegan, 1991",Scotch'n'Soda Theatre,,1991,Program,,,,application/pdf,Image,objects/thumbs/sns_1991_dartegan_pr_th.jpg,objects/small/sns_1991_dartegan_pr_sm.jpg,/objects/sns_1991_dartegan_pr.pdf,Carnegie Mellon University Archives,,,Copyright Undetermined,http://rightsstatements.org/vocab/UND/1.0/,Scotch'n'Soda Records
sns_1991_dartegan_tx,,sns_1991_dartegan_tx.pdf,"Ticket for d'Artegan, 1991",Scotch'n'Soda Theatre,,1991,Ticket,,,,application/pdf,Text,objects/thumbs/sns_1991_dartegan_tx_th.jpg,objects/small/sns_1991_dartegan_tx_sm.jpg,/objects/sns_1991_dartegan_tx.pdf,Carnegie Mellon University Archives,,,Copyright Undetermined,http://rightsstatements.org/vocab/UND/1.0/,Scotch'n'Soda Records
sns_1991_dartegan_po,,sns_1991_dartegan_po.pdf,"Poster for d'Artegan, 1991",Scotch'n'Soda Theatre,,1991,Poster,,,,application/pdf,Image,objects/thumbs/sns_1991_dartegan_po_th.jpg,objects/small/sns_1991_dartegan_po_sm.jpg,/objects/sns_1991_dartegan_po.pdf,Carnegie Mellon University Archives,,,Copyright Undetermined,http://rightsstatements.org/vocab/UND/1.0/,Scotch'n'Soda Records
sns_1991_richard_pr,,sns_1991_richard_pr.pdf,"Program for Richard Cory, 1991",Scotch'n'Soda Theatre,,1991,Program,,,,application/pdf,Text,objects/thumbs/sns_1991_richard_pr_th.jpg,objects/small/sns_1991_richard_pr_sm.jpg,/objects/sns_1991_richard_pr.pdf,Carnegie Mellon University Archives,,,Copyright Undetermined,http://rightsstatements.org/vocab/UND/1.0/,Scotch'n'Soda Records
sns_1992_jack_pr,,sns_1992_jack_pr.pdf,"Program for Jack!, 1992",Scotch'n'Soda Theatre,,1992,Program,,,,application/pdf,Image,objects/thumbs/sns_1992_jack_pr_th.jpg,objects/small/sns_1992_jack_pr_sm.jpg,/objects/sns_1992_jack_pr.pdf,Carnegie Mellon University Archives,,,Copyright Undetermined,http://rightsstatements.org/vocab/UND/1.0/,Scotch'n'Soda Records
sns_1992_jack_tx_0001,,sns_1992_jack_tx_0001,"Ticket for Jack!, 1992",Scotch'n'Soda Theatre,,1992,Ticket,,,,application/pdf,Text,objects/thumbs/sns_1992_jack_tx_0001_th.jpg,objects/small/sns_1992_jack_tx_0001_sm.jpg,/objects/sns_1992_jack_tx_0001,Carnegie Mellon University Archives,,,Copyright Undetermined,http://rightsstatements.org/vocab/UND/1.0/,Scotch'n'Soda Records
sns_1992_jack_tx_0002,,sns_1992_jack_tx_0002,"Ticket for Jack!, 1992",Scotch'n'Soda Theatre,,1992,Ticket,,,,application/pdf,Text,objects/thumbs/sns_1992_jack_tx_0002_th.jpg,objects/small/sns_1992_jack_tx_0002_sm.jpg,/objects/sns_1992_jack_tx_0002,Carnegie Mellon University Archives,,,Copyright Undetermined,http://rightsstatements.org/vocab/UND/1.0/,Scotch'n'Soda Records
sns_1992_jack_po,,sns_1992_jack_po.pdf,"Poster for Jack!, 1992",Scotch'n'Soda Theatre,,1992,Poster,,,,application/pdf,Text,objects/thumbs/sns_1992_jack_po_th.jpg,objects/small/sns_1992_jack_po_sm.jpg,/objects/sns_1992_jack_po.pdf,Carnegie Mellon University Archives,,,Copyright Undetermined,http://rightsstatements.org/vocab/UND/1.0/,Scotch'n'Soda Records
sns_1992_bindermeyer_pr,,sns_1992_bindermeyer_pr.pdf,"Program for The Bindermeyer Theory, 1992",Scotch'n'Soda Theatre,,1992,Program,,,,application/pdf,Text,objects/thumbs/sns_1992_bindermeyer_pr_th.jpg,objects/small/sns_1992_bindermeyer_pr_sm.jpg,/objects/sns_1992_bindermeyer_pr.pdf,Carnegie Mellon University Archives,,,Copyright Undetermined,http://rightsstatements.org/vocab/UND/1.0/,Scotch'n'Soda Records
sns_1992_bindermeyer_po,,sns_1992_bindermeyer_po.pdf,"Poster for The Bindermeyer Theory, 1992",Scotch'n'Soda Theatre,,1992,Poster,,,,application/pdf,Image,objects/thumbs/sns_1992_bindermeyer_po_th.jpg,objects/small/sns_1992_bindermeyer_po_sm.jpg,/objects/sns_1992_bindermeyer_po.pdf,Carnegie Mellon University Archives,,,Copyright Undetermined,http://rightsstatements.org/vocab/UND/1.0/,Scotch'n'Soda Records
sns_1992_march_pr,,sns_1992_march_pr.pdf,"Program for March of the Falsettos, 1992",Scotch'n'Soda Theatre,,1992,Program,,,,application/pdf,Text,objects/thumbs/sns_1992_march_pr_th.jpg,objects/small/sns_1992_march_pr_sm.jpg,/objects/sns_1992_march_pr.pdf,Carnegie Mellon University Archives,,,Copyright Undetermined,http://rightsstatements.org/vocab/UND/1.0/,Scotch'n'Soda Records
sns_1992_march_po,,sns_1992_march_po.pdf,"Poster for March of the Falsettos, 1992",Scotch'n'Soda Theatre,,1992,Poster,,,,application/pdf,Image,objects/thumbs/sns_1992_march_po_th.jpg,objects/small/sns_1992_march_po_sm.jpg,/objects/sns_1992_march_po.pdf,Carnegie Mellon University Archives,,,Copyright Undetermined,http://rightsstatements.org/vocab/UND/1.0/,Scotch'n'Soda Records
sns_1993_lysistrata_pr,,sns_1993_lysistrata_pr.pdf,"Program for Lysistrata, 1993",Scotch'n'Soda Theatre,,1993,Program,,,,application/pdf,Text,objects/thumbs/sns_1993_lysistrata_pr_th.jpg,objects/small/sns_1993_lysistrata_pr_sm.jpg,/objects/sns_1993_lysistrata_pr.pdf,Carnegie Mellon University Archives,,,Copyright Undetermined,http://rightsstatements.org/vocab/UND/1.0/,Scotch'n'Soda Records
sns_1993_lysistrata_po,,sns_1993_lysistrata_po.pdf,"Poster for Lysistrata, 1993",Scotch'n'Soda Theatre,,1993,Poster,,,,application/pdf,Text,objects/thumbs/sns_1993_lysistrata_po_th.jpg,objects/small/sns_1993_lysistrata_po_sm.jpg,/objects/sns_1993_lysistrata_po.pdf,Carnegie Mellon University Archives,,,Copyright Undetermined,http://rightsstatements.org/vocab/UND/1.0/,Scotch'n'Soda Records
sns_1993_mystery_pr,,sns_1993_mystery_pr.pdf,"Program for The Mystery of Edwin Drood, 1993",Scotch'n'Soda Theatre,,1993,Program,,,,application/pdf,Text,objects/thumbs/sns_1993_mystery_pr_th.jpg,objects/small/sns_1993_mystery_pr_sm.jpg,/objects/sns_1993_mystery_pr.pdf,Carnegie Mellon University Archives,,,Copyright Undetermined,http://rightsstatements.org/vocab/UND/1.0/,Scotch'n'Soda Records
sns_1993_mystery_hb,,sns_1993_mystery_hb.pdf,"Handbill for The Mystery of Edwin Drood, 1993",Scotch'n'Soda Theatre,,1993,Handbill,,,,application/pdf,Image,objects/thumbs/sns_1993_mystery_hb_th.jpg,objects/small/sns_1993_mystery_hb_sm.jpg,/objects/sns_1993_mystery_hb.pdf,Carnegie Mellon University Archives,,,Copyright Undetermined,http://rightsstatements.org/vocab/UND/1.0/,Scotch'n'Soda Records
sns_1993_mystery_tx_0001,,sns_1993_mystery_tx_0001.pdf,"Ticket for The Mystery of Edwin Drood, 1993",Scotch'n'Soda Theatre,,1993,Ticket,,,,application/pdf,Text,objects/thumbs/sns_1993_mystery_tx_0001_th.jpg,objects/small/sns_1993_mystery_tx_0001_sm.jpg,/objects/sns_1993_mystery_tx_0001.pdf,Carnegie Mellon University Archives,,,Copyright Undetermined,http://rightsstatements.org/vocab/UND/1.0/,Scotch'n'Soda Records
sns_1993_mystery_tx_0002,,sns_1993_mystery_tx_0002.pdf,"Ticket for The Mystery of Edwin Drood, 1993",Scotch'n'Soda Theatre,,1993,Ticket,,,,application/pdf,Text,objects/thumbs/sns_1993_mystery_tx_0002_th.jpg,objects/small/sns_1993_mystery_tx_0002_sm.jpg,/objects/sns_1993_mystery_tx_0002.pdf,Carnegie Mellon University Archives,,,Copyright Undetermined,http://rightsstatements.org/vocab/UND/1.0/,Scotch'n'Soda Records
sns_1993_mystery_po,,sns_1993_mystery_po.pdf,"Poster for The Mystery of Edwin Drood, 1993",Scotch'n'Soda Theatre,,1993,Poster,,,,application/pdf,Text,objects/thumbs/sns_1993_mystery_po_th.jpg,objects/small/sns_1993_mystery_po_sm.jpg,/objects/sns_1993_mystery_po.pdf,Carnegie Mellon University Archives,,,Copyright Undetermined,http://rightsstatements.org/vocab/UND/1.0/,Scotch'n'Soda Records
sns_1993_gods_pr,,sns_1993_gods_pr.pdf,"Program for Gods and Cats, 1993",Scotch'n'Soda Theatre,,1993,Program,,,,application/pdf,Image,objects/thumbs/sns_1993_gods_pr_th.jpg,objects/small/sns_1993_gods_pr_sm.jpg,/objects/sns_1993_gods_pr.pdf,Carnegie Mellon University Archives,,,Copyright Undetermined,http://rightsstatements.org/vocab/UND/1.0/,Scotch'n'Soda Records
sns_1993_gods_po,,sns_1993_gods_po.pdf,"Poster for Gods and Cats, 1993",Scotch'n'Soda Theatre,,1993,Poster,,,,application/pdf,Text,objects/thumbs/sns_1993_gods_po_th.jpg,objects/small/sns_1993_gods_po_sm.jpg,/objects/sns_1993_gods_po.pdf,Carnegie Mellon University Archives,,,Copyright Undetermined,http://rightsstatements.org/vocab/UND/1.0/,Scotch'n'Soda Records
sns_1994_colored_pr,,sns_1994_colored_pr.pdf,"Program for The Colored Museum, 1994",Scotch'n'Soda Theatre,,1994,Program,,,,application/pdf,Text,objects/thumbs/sns_1994_colored_pr_th.jpg,objects/small/sns_1994_colored_pr_sm.jpg,/objects/sns_1994_colored_pr.pdf,Carnegie Mellon University Archives,,,Copyright Undetermined,http://rightsstatements.org/vocab/UND/1.0/,Scotch'n'Soda Records
sns_1994_colored_tx,,sns_1994_colored_tx.pdf,"Ticket for The Colored Museum, 1994",Scotch'n'Soda Theatre,,1994,Ticket,,,,application/pdf,Image,objects/thumbs/sns_1994_colored_tx_th.jpg,objects/small/sns_1994_colored_tx_sm.jpg,/objects/sns_1994_colored_tx.pdf,Carnegie Mellon University Archives,,,Copyright Undetermined,http://rightsstatements.org/vocab/UND/1.0/,Scotch'n'Soda Records
sns_1994_dancing_pr,,sns_1994_dancing_pr.pdf,"Program for Dancing in the Footsteps of My Grandmother's Ghost, 1994",Scotch'n'Soda Theatre,,1994,Program,,,,application/pdf,Text,objects/thumbs/sns_1994_dancing_pr_th.jpg,objects/small/sns_1994_dancing_pr_sm.jpg,/objects/sns_1994_dancing_pr.pdf,Carnegie Mellon University Archives,,,Copyright Undetermined,http://rightsstatements.org/vocab/UND/1.0/,Scotch'n'Soda Records
sns_1994_dancing_po,,sns_1994_dancing_po.pdf,"Poster for Dancing in the Footsteps of My Grandmother's Ghost, 1994",Scotch'n'Soda Theatre,,1994,Poster,,,,application/pdf,Image,objects/thumbs/sns_1994_dancing_po_th.jpg,objects/small/sns_1994_dancing_po_sm.jpg,/objects/sns_1994_dancing_po.pdf,Carnegie Mellon University Archives,,,Copyright Undetermined,http://rightsstatements.org/vocab/UND/1.0/,Scotch'n'Soda Records
sns_1994_nemeses_pr,,sns_1994_nemeses_pr.pdf,"Program for Nemeses, 1994",Scotch'n'Soda Theatre,,1994,Program,,,,application/pdf,Text,objects/thumbs/sns_1994_nemeses_pr_th.jpg,objects/small/sns_1994_nemeses_pr_sm.jpg,/objects/sns_1994_nemeses_pr.pdf,Carnegie Mellon University Archives,,,Copyright Undetermined,http://rightsstatements.org/vocab/UND/1.0/,Scotch'n'Soda Records
sns_1994_nemeses_tx_0001,,sns_1994_nemeses_tx_0001.pdf,"Ticket for Nemeses, 1994",Scotch'n'Soda Theatre,,1994,Ticket,,,,application/pdf,Image,objects/thumbs/sns_1994_nemeses_tx_0001_th.jpg,objects/small/sns_1994_nemeses_tx_0001_sm.jpg,/objects/sns_1994_nemeses_tx_0001.pdf,Carnegie Mellon University Archives,,,Copyright Undetermined,http://rightsstatements.org/vocab/UND/1.0/,Scotch'n'Soda Records
sns_1994_nemeses_tx_0002,,sns_1994_nemeses_tx_0002.pdf,"Ticket for Nemeses, 1994",Scotch'n'Soda Theatre,,1994,Ticket,,,,application/pdf,Text,objects/thumbs/sns_1994_nemeses_tx_0002_th.jpg,objects/small/sns_1994_nemeses_tx_0002_sm.jpg,/objects/sns_1994_nemeses_tx_0002.pdf,Carnegie Mellon University Archives,,,Copyright Undetermined,http://rightsstatements.org/vocab/UND/1.0/,Scotch'n'Soda Records
sns_1994_nemeses_po,,sns_1994_nemeses_po.pdf,"Poster for Nemeses, 1994",Scotch'n'Soda Theatre,,1994,Poster,,,,application/pdf,Text,objects/thumbs/sns_1994_nemeses_po_th.jpg,objects/small/sns_1994_nemeses_po_sm.jpg,/objects/sns_1994_nemeses_po.pdf,Carnegie Mellon University Archives,,,Copyright Undetermined,http://rightsstatements.org/vocab/UND/1.0/,Scotch'n'Soda Records
sns_1995_woods_pr,,sns_1995_woods_pr.pdf,"Program for Into the Woods, 1995",Scotch'n'Soda Theatre,,1995,Program,,,,application/pdf,Text,objects/thumbs/sns_1995_woods_pr_th.jpg,objects/small/sns_1995_woods_pr_sm.jpg,/objects/sns_1995_woods_pr.pdf,Carnegie Mellon University Archives,,,Copyright Undetermined,http://rightsstatements.org/vocab/UND/1.0/,Scotch'n'Soda Records
sns_1995_woods_tx,,sns_1995_woods_tx.pdf,"Ticket for Into the Woods, 1995",Scotch'n'Soda Theatre,,1995,Ticket,,,,application/pdf,Text,objects/thumbs/sns_1995_woods_tx_th.jpg,objects/small/sns_1995_woods_tx_sm.jpg,/objects/sns_1995_woods_tx.pdf,Carnegie Mellon University Archives,,,Copyright Undetermined,http://rightsstatements.org/vocab/UND/1.0/,Scotch'n'Soda Records
sns_1995_woods_po,,sns_1995_woods_po.pdf,"Poster for Into the Woods, 1995",Scotch'n'Soda Theatre,,1995,Poster,,,,application/pdf,Text,objects/thumbs/sns_1995_woods_po_th.jpg,objects/small/sns_1995_woods_po_sm.jpg,/objects/sns_1995_woods_po.pdf,Carnegie Mellon University Archives,,,Copyright Undetermined,http://rightsstatements.org/vocab/UND/1.0/,Scotch'n'Soda Records
sns_1995_lucky_pr,,sns_1995_lucky_pr.pdf,"Program for Lucky Stiff, 1995",Scotch'n'Soda Theatre,,1995,Program,,,,application/pdf,Image,objects/thumbs/sns_1995_lucky_pr_th.jpg,objects/small/sns_1995_lucky_pr_sm.jpg,/objects/sns_1995_lucky_pr.pdf,Carnegie Mellon University Archives,,,Copyright Undetermined,http://rightsstatements.org/vocab/UND/1.0/,Scotch'n'Soda Records
sns_1995_lucky_po,,sns_1995_lucky_po.pdf,"Poster for Lucky Stiff, 1995",Scotch'n'Soda Theatre,,1995,Poster,,,,application/pdf,Text,objects/thumbs/sns_1995_lucky_po_th.jpg,objects/small/sns_1995_lucky_po_sm.jpg,/objects/sns_1995_lucky_po.pdf,Carnegie Mellon University Archives,,,Copyright Undetermined,http://rightsstatements.org/vocab/UND/1.0/,Scotch'n'Soda Records
sns_1995_sun_pr,,sns_1995_sun_pr.pdf,"Program for Sun Country, 1995",Scotch'n'Soda Theatre,,1995,Program,,,,application/pdf,,objects/thumbs/sns_1995_sun_pr_th.jpg,objects/small/sns_1995_sun_pr_sm.jpg,/objects/sns_1995_sun_pr.pdf,Carnegie Mellon University Archives,,,Copyright Undetermined,http://rightsstatements.org/vocab/UND/1.0/,Scotch'n'Soda Records
sns_1995_sun_po,,sns_1995_sun_po.pdf,"Poster for Sun Country, 1995",Scotch'n'Soda Theatre,,1995,Poster,,,,application/pdf,,objects/thumbs/sns_1995_sun_po_th.jpg,objects/small/sns_1995_sun_po_sm.jpg,/objects/sns_1995_sun_po.pdf,Carnegie Mellon University Archives,,,Copyright Undetermined,http://rightsstatements.org/vocab/UND/1.0/,Scotch'n'Soda Records
sns_1996_living_pr,,sns_1996_living_pr.pdf,"Program for The Living Room, 1996",Scotch'n'Soda Theatre,,1996,Program,,,,application/pdf,,objects/thumbs/sns_1996_living_pr_th.jpg,objects/small/sns_1996_living_pr_sm.jpg,/objects/sns_1996_living_pr.pdf,Carnegie Mellon University Archives,,,Copyright Undetermined,http://rightsstatements.org/vocab/UND/1.0/,Scotch'n'Soda Records
sns_1996_living_tx,,sns_1996_living_tx.pdf,"Ticket for The Living Room, 1996",Scotch'n'Soda Theatre,,1996,Ticket,,,,application/pdf,,objects/thumbs/sns_1996_living_tx_th.jpg,objects/small/sns_1996_living_tx_sm.jpg,/objects/sns_1996_living_tx.pdf,Carnegie Mellon University Archives,,,Copyright Undetermined,http://rightsstatements.org/vocab/UND/1.0/,Scotch'n'Soda Records
sns_1996_chess_pr,,sns_1996_chess_pr.pdf,"Program for Chess, 1996",Scotch'n'Soda Theatre,,1996,Program,,,,application/pdf,,objects/thumbs/sns_1996_chess_pr_th.jpg,objects/small/sns_1996_chess_pr_sm.jpg,/objects/sns_1996_chess_pr.pdf,Carnegie Mellon University Archives,,,Copyright Undetermined,http://rightsstatements.org/vocab/UND/1.0/,Scotch'n'Soda Records
sns_1996_chess_tx,,sns_1996_chess_tx.pdf,"Ticket for Chess, 1996",Scotch'n'Soda Theatre,,1996,Ticket,,,,application/pdf,,objects/thumbs/sns_1996_chess_tx_th.jpg,objects/small/sns_1996_chess_tx_sm.jpg,/objects/sns_1996_chess_tx.pdf,Carnegie Mellon University Archives,,,Copyright Undetermined,http://rightsstatements.org/vocab/UND/1.0/,Scotch'n'Soda Records
sns_1997_godspell_pr,,sns_1997_godspell_pr.pdf,"Program for Godspell, 1997",Scotch'n'Soda Theatre,,1997,Program,,,,application/pdf,,objects/thumbs/sns_1997_godspell_pr_th.jpg,objects/small/sns_1997_godspell_pr_sm.jpg,/objects/sns_1997_godspell_pr.pdf,Carnegie Mellon University Archives,,,Copyright Undetermined,http://rightsstatements.org/vocab/UND/1.0/,Scotch'n'Soda Records
sns_1997_godspell_tx,,sns_1997_godspell_tx.pdf,"Ticket for Godspell, 1997",Scotch'n'Soda Theatre,,1997,Ticket,,,,application/pdf,,objects/thumbs/sns_1997_godspell_tx_th.jpg,objects/small/sns_1997_godspell_tx_sm.jpg,/objects/sns_1997_godspell_tx.pdf,Carnegie Mellon University Archives,,,Copyright Undetermined,http://rightsstatements.org/vocab/UND/1.0/,Scotch'n'Soda Records
sns_1997_homecoming_pr,,sns_1997_homecoming_pr.pdf,"Program for A Homecoming Cabaret, 1997",Scotch'n'Soda Theatre,,1997,Program,,,,application/pdf,,objects/thumbs/sns_1997_homecoming_pr_th.jpg,objects/small/sns_1997_homecoming_pr_sm.jpg,/objects/sns_1997_homecoming_pr.pdf,Carnegie Mellon University Archives,,,Copyright Undetermined,http://rightsstatements.org/vocab/UND/1.0/,Scotch'n'Soda Records
sns_1997_homecoming_po,,sns_1997_homecoming_po.pdf,"Poster for A Homecoming Cabaret, 1997",Scotch'n'Soda Theatre,,1997,Poster,,,,application/pdf,,objects/thumbs/sns_1997_homecoming_po_th.jpg,objects/small/sns_1997_homecoming_po_sm.jpg,/objects/sns_1997_homecoming_po.pdf,Carnegie Mellon University Archives,,,Copyright Undetermined,http://rightsstatements.org/vocab/UND/1.0/,Scotch'n'Soda Records
sns_1997_last_pr,,sns_1997_last_pr.pdf,"Program for The Last Dancer, 1997",Scotch'n'Soda Theatre,,1997,Program,,,,application/pdf,,objects/thumbs/sns_1997_last_pr_th.jpg,objects/small/sns_1997_last_pr_sm.jpg,/objects/sns_1997_last_pr.pdf,Carnegie Mellon University Archives,,,Copyright Undetermined,http://rightsstatements.org/vocab/UND/1.0/,Scotch'n'Soda Records
sns_1997_nature_po,,sns_1997_nature_po.pdf,"Poster for The Nature and Purpose of the Universe, 1997",Scotch'n'Soda Theatre,,1997,Poster,,,,application/pdf,,objects/thumbs/sns_1997_nature_po_th.jpg,objects/small/sns_1997_nature_po_sm.jpg,/objects/sns_1997_nature_po.pdf,Carnegie Mellon University Archives,,,Copyright Undetermined,http://rightsstatements.org/vocab/UND/1.0/,Scotch'n'Soda Records
sns_1997_nature_pr,,sns_1997_nature_pr.pdf,"Program for The Nature and Purpose of the Universe, 1997",Scotch'n'Soda Theatre,,1997,Program,,,,application/pdf,,objects/thumbs/sns_1997_nature_pr_th.jpg,objects/small/sns_1997_nature_pr_sm.jpg,/objects/sns_1997_nature_pr.pdf,Carnegie Mellon University Archives,,,Copyright Undetermined,http://rightsstatements.org/vocab/UND/1.0/,Scotch'n'Soda Records
sns_1997_sometimes_pr,,sns_1997_sometimes_pr.pdf,"Program for Sometimes I Wake Up in the Middle of the Night, 1997",Scotch'n'Soda Theatre,,1997,Program,,,,application/pdf,,objects/thumbs/sns_1997_sometimes_pr_th.jpg,objects/small/sns_1997_sometimes_pr_sm.jpg,/objects/sns_1997_sometimes_pr.pdf,Carnegie Mellon University Archives,,,Copyright Undetermined,http://rightsstatements.org/vocab/UND/1.0/,Scotch'n'Soda Records
sns_1997_sometimes_tx,,sns_1997_sometimes_tx.pdf,"Ticket for Sometimes I Wake Up in the Middle of the Night, 1997",Scotch'n'Soda Theatre,,1997,Ticket,,,,application/pdf,,objects/thumbs/sns_1997_sometimes_tx_th.jpg,objects/small/sns_1997_sometimes_tx_sm.jpg,/objects/sns_1997_sometimes_tx.pdf,Carnegie Mellon University Archives,,,Copyright Undetermined,http://rightsstatements.org/vocab/UND/1.0/,Scotch'n'Soda Records
sns_1997_ugly_pr,,sns_1997_ugly_pr.pdf,"Program for The Ugly Ducking & Here We Are, 1997",Scotch'n'Soda Theatre,,1997,Program,,,,application/pdf,,objects/thumbs/sns_1997_ugly_pr_th.jpg,objects/small/sns_1997_ugly_pr_sm.jpg,/objects/sns_1997_ugly_pr.pdf,Carnegie Mellon University Archives,,,Copyright Undetermined,http://rightsstatements.org/vocab/UND/1.0/,Scotch'n'Soda Records
sns_1997_ugly_po,,sns_1997_ugly_po.pdf,"Poster for The Ugly Ducking & Here We Are, 1997",Scotch'n'Soda Theatre,,1997,Poster,,,,application/pdf,,objects/thumbs/sns_1997_ugly_po_th.jpg,objects/small/sns_1997_ugly_po_sm.jpg,/objects/sns_1997_ugly_po.pdf,Carnegie Mellon University Archives,,,Copyright Undetermined,http://rightsstatements.org/vocab/UND/1.0/,Scotch'n'Soda Records
sns_1998_arcadia_po,,sns_1998_arcadia_po.pdf,"Poster for Arcadia, 1998",Scotch'n'Soda Theatre,,1998,Poster,,,,application/pdf,,objects/thumbs/sns_1998_arcadia_po_th.jpg,objects/small/sns_1998_arcadia_po_sm.jpg,/objects/sns_1998_arcadia_po.pdf,Carnegie Mellon University Archives,,,Copyright Undetermined,http://rightsstatements.org/vocab/UND/1.0/,Scotch'n'Soda Records
sns_1998_arcadia_pr,,sns_1998_arcadia_pr.pdf,"Program for Arcadia, 1998",Scotch'n'Soda Theatre,,1998,Program,,,,application/pdf,,objects/thumbs/sns_1998_arcadia_pr_th.jpg,objects/small/sns_1998_arcadia_pr_sm.jpg,/objects/sns_1998_arcadia_pr.pdf,Carnegie Mellon University Archives,,,Copyright Undetermined,http://rightsstatements.org/vocab/UND/1.0/,Scotch'n'Soda Records
sns_1998_assassins_lp,,sns_1998_assassins_lp.pdf,"Lighting Plot for Assassins, 1998",Scotch'n'Soda Theatre,,1998,Lighting Plot,,,,application/pdf,,objects/thumbs/sns_1998_assassins_lp_th.jpg,objects/small/sns_1998_assassins_lp_sm.jpg,/objects/sns_1998_assassins_lp.pdf,Carnegie Mellon University Archives,,,Copyright Undetermined,http://rightsstatements.org/vocab/UND/1.0/,Scotch'n'Soda Records
sns_1998_assassins_pr,,sns_1998_assassins_pr.pdf,"Program for Assassins, 1998",Scotch'n'Soda Theatre,,1998,Program,,,,application/pdf,,objects/thumbs/sns_1998_assassins_pr_th.jpg,objects/small/sns_1998_assassins_pr_sm.jpg,/objects/sns_1998_assassins_pr.pdf,Carnegie Mellon University Archives,,,Copyright Undetermined,http://rightsstatements.org/vocab/UND/1.0/,Scotch'n'Soda Records
sns_1998_assassins_tx,,sns_1998_assassins_tx.pdf,"Ticket for Assassins, 1998",Scotch'n'Soda Theatre,,1998,Ticket,,,,application/pdf,,objects/thumbs/sns_1998_assassins_tx_th.jpg,objects/small/sns_1998_assassins_tx_sm.jpg,/objects/sns_1998_assassins_tx.pdf,Carnegie Mellon University Archives,,,Copyright Undetermined,http://rightsstatements.org/vocab/UND/1.0/,Scotch'n'Soda Records
sns_1998_improv_po,,sns_1998_improv_po.pdf,"Poster for Improv 98, 1998",Scotch'n'Soda Theatre,,1998,Poster,,,,application/pdf,,objects/thumbs/sns_1998_improv_po_th.jpg,objects/small/sns_1998_improv_po_sm.jpg,/objects/sns_1998_improv_po.pdf,Carnegie Mellon University Archives,,,Copyright Undetermined,http://rightsstatements.org/vocab/UND/1.0/,Scotch'n'Soda Records
sns_1998_improv_pr,,sns_1998_improv_pr.pdf,"Program for Improv 98, 1998",Scotch'n'Soda Theatre,,1998,Program,,,,application/pdf,,objects/thumbs/sns_1998_improv_pr_th.jpg,objects/small/sns_1998_improv_pr_sm.jpg,/objects/sns_1998_improv_pr.pdf,Carnegie Mellon University Archives,,,Copyright Undetermined,http://rightsstatements.org/vocab/UND/1.0/,Scotch'n'Soda Records
sns_1998_much_pr,,sns_1998_much_pr.pdf,"Program for Much Ado About Nothing, 1998",Scotch'n'Soda Theatre,,1998,Program,,,,application/pdf,,objects/thumbs/sns_1998_much_pr_th.jpg,objects/small/sns_1998_much_pr_sm.jpg,/objects/sns_1998_much_pr.pdf,Carnegie Mellon University Archives,,,Copyright Undetermined,http://rightsstatements.org/vocab/UND/1.0/,Scotch'n'Soda Records
sns_1998_radio_pr,,sns_1998_radio_pr.pdf,"Program for The 1940's Radio Hour, 1998",Scotch'n'Soda Theatre,,1998,Program,,,,application/pdf,,objects/thumbs/sns_1998_radio_pr_th.jpg,objects/small/sns_1998_radio_pr_sm.jpg,/objects/sns_1998_radio_pr.pdf,Carnegie Mellon University Archives,,,Copyright Undetermined,http://rightsstatements.org/vocab/UND/1.0/,Scotch'n'Soda Records
sns_1998_radio_po_0001,,sns_1998_radio_po_0001.pdf,"Poster for The 1940's Radio Hour, 1998",Scotch'n'Soda Theatre,,1998,Poster,,,,application/pdf,,objects/thumbs/sns_1998_radio_po_0001_th.jpg,objects/small/sns_1998_radio_po_0001_sm.jpg,/objects/sns_1998_radio_po_0001.pdf,Carnegie Mellon University Archives,,,Copyright Undetermined,http://rightsstatements.org/vocab/UND/1.0/,Scotch'n'Soda Records
sns_1998_radio_po_0002,,sns_1998_radio_po_0002.pdf,"Poster for The 1940's Radio Hour, 1998",Scotch'n'Soda Theatre,,1998,Poster,,,,application/pdf,,objects/thumbs/sns_1998_radio_po_0002_th.jpg,objects/small/sns_1998_radio_po_0002_sm.jpg,/objects/sns_1998_radio_po_0002.pdf,Carnegie Mellon University Archives,,,Copyright Undetermined,http://rightsstatements.org/vocab/UND/1.0/,Scotch'n'Soda Records
sns_1998_radio_po_0003,,sns_1998_radio_po_0003.pdf,"Poster for The 1940's Radio Hour, 1998",Scotch'n'Soda Theatre,,1998,Poster,,,,application/pdf,,objects/thumbs/sns_1998_radio_po_0003_th.jpg,objects/small/sns_1998_radio_po_0003_sm.jpg,/objects/sns_1998_radio_po_0003.pdf,Carnegie Mellon University Archives,,,Copyright Undetermined,http://rightsstatements.org/vocab/UND/1.0/,Scotch'n'Soda Records
sns_1998_radio_po_0004,,sns_1998_radio_po_0004.pdf,"Poster for The 1940's Radio Hour, 1998",Scotch'n'Soda Theatre,,1998,Poster,,,,application/pdf,,objects/thumbs/sns_1998_radio_po_0004_th.jpg,objects/small/sns_1998_radio_po_0004_sm.jpg,/objects/sns_1998_radio_po_0004.pdf,Carnegie Mellon University Archives,,,Copyright Undetermined,http://rightsstatements.org/vocab/UND/1.0/,Scotch'n'Soda Records
sns_1998_radio_po_0005,,sns_1998_radio_po_0005.pdf,"Poster for The 1940's Radio Hour, 1998",Scotch'n'Soda Theatre,,1998,Poster,,,,application/pdf,,objects/thumbs/sns_1998_radio_po_0005_th.jpg,objects/small/sns_1998_radio_po_0005_sm.jpg,/objects/sns_1998_radio_po_0005.pdf,Carnegie Mellon University Archives,,,Copyright Undetermined,http://rightsstatements.org/vocab/UND/1.0/,Scotch'n'Soda Records